https://www.youtube.com/watch?v=z9CdSxjeWro,Phuture Noize,The Temple
https://www.youtube.com/watch?v=S4MpYK8SfIg,Phuture Noize,Chaos & Order
https://www.youtube.com/watch?v=Mu8TanEb42I,Phuture Noize,World of Distortion
https://www.youtube.com/watch?v=V0XOvCovt4U,Phuture Noize,Drift Away
https://www.youtube.com/watch?v=VviAEHMyaRY,Phuture Noize,Strike You Down
https://www.youtube.com/watch?v=g649keRoZD0,Phuture Noize,Robots To The System
https://www.youtube.com/watch?v=O4JQWZgMkBs,Phuture Noize,Walls Crashin' Down
https://www.youtube.com/watch?v=Prk244f-RHA,Phuture Noize,The Aftershock
https://www.youtube.com/watch?v=xCUsNtGfIgE,Phuture Noize,Lost In The Moment
https://www.youtube.com/watch?v=0XQB9fGX7vk,Phuture Noize,Hope
https://www.youtube.com/watch?v=PhUqWjCZbSU,Phuture Noize,Black Mirror Society
https://www.youtube.com/watch?v=2tQwTS1Mvuk,Phuture Noize,Fire
https://www.youtube.com/watch?v=_F27YqYSY4U,Phuture Noize,Existence Through Sound
https://www.youtube.com/watch?v=3X-9OH95tFo,B-Front & Phuture Noize,The Paradox
https://www.youtube.com/watch?v=PPNNUbN_tZs,Phuture Noize,The Worlds Beyond
https://www.youtube.com/watch?v=HgGtjZqcVto,Phuture Noize,Terrordome
https://www.youtube.com/watch?v=IxL5YoC-gQk,Phuture Noize,Circles & Squares
https://www.youtube.com/watch?v=vAqroKLZ3_U,Sub Zero Project & Phuture Noize,We Are The Fallen
https://www.youtube.com/watch?v=7wh944ElI9s,Phuture Noize & Josh & Wesz,Liberal
https://www.youtube.com/watch?v=B08EX5dHJ8k,Phuture Noize,I Got Noize
https://www.youtube.com/watch?v=ZzfV6GXNx14,B-Front & Phuture Noize,The Enigma
https://www.youtube.com/watch?v=IEaA4pU6X1Y,Ran-D & Phuture Noize,Suicidal Superstar
https://www.youtube.com/watch?v=iiraVraS1iA,Phuture Noize,There's A Lot Going On
https://www.youtube.com/watch?v=Tty6gBJ8jk4,Phuture Noize,Human Machinery
https://www.youtube.com/watch?v=3kRAGEwhqHc,Phuture Noize,Shallow Waters
