https://www.youtube.com/watch?v=Nht0E8v2uIA,KELTEK,Edge of Existence
https://www.youtube.com/watch?v=ftRTkqq8XKU,Wildstylez & E-Life,Run With The Wolves
https://www.youtube.com/watch?v=6gnsk0vOavM,Ecstatic,Reverie
https://www.youtube.com/watch?v=CTM2eB31QqM,Devin Wild,Mind Bending
https://www.youtube.com/watch?v=x2m2Jy8_424,D-Sturb & High Voltage,Universe
https://www.youtube.com/watch?v=nGLYnoFlpw0,Ecstatic & Sub Zero Project,Tombs Of Immortality
https://www.youtube.com/watch?v=D2e64eGDsgw,Psyko Punkz,Victorious
https://www.youtube.com/watch?v=kJ_Fiqa6w0A,D-Block & S-Te-Fan,Forthenite
https://www.youtube.com/watch?v=QU2KuyP6H-E,Scooter & Noisecontrollers,Move Your Ass
https://www.youtube.com/watch?v=Hu0cRyUwMfI,Sub Zero Project,Contagion
https://www.youtube.com/watch?v=piaCsc5M8vc,Audiotricz,Shamed
https://www.youtube.com/watch?v=RKpBIzf-R8g,Adaro,I'm Alive
https://www.youtube.com/watch?v=2aAErAiqApQ,Adaro & MYST,When The Stars Connect In Space
https://www.youtube.com/watch?v=qrUSXLIn7ZE,Deetox,Fallen
https://www.youtube.com/watch?v=bs5aLFn7GTo,D-Block & S-Te-Fan & Sub Zero Project,Darkest Hour
https://www.youtube.com/watch?v=PSPs0rzezk0,MYST,Take Me Away
https://www.youtube.com/watch?v=XrWUMKz9h3Q,B-Front & Adrenalize,Elektronik Symphony
https://www.youtube.com/watch?v=xDRz_O2pEAU,Noisecontrollers & Atmozfears,The Time Has Come
https://www.youtube.com/watch?v=Cp7-LoQXhEU,Sub Zero Project,Be My Guide
https://www.youtube.com/watch?v=CvV7SHDRoOI,Headhunterz & Sub Zero Project,Amen
https://www.youtube.com/watch?v=I1Bmt3LWv18,KELTEK,One Tribe
https://www.youtube.com/watch?v=TFdt7n5FWUk,Phuture Noize,One Tribe
https://www.youtube.com/watch?v=TFt_OvdJUIM,Sefa,One Tribe
https://www.youtube.com/watch?v=hvj5h8mA4oA,MYST,The Unlimited Power
https://www.youtube.com/watch?v=L5l7_ldYHtY,Rebelion,The Edge
https://www.youtube.com/watch?v=CENFCk8BT3o,Clockartz & Deetox,Music
https://www.youtube.com/watch?v=6PVOL3acAp4,Sub Zero Project & D-Sturb,Heroes Of The Night
https://www.youtube.com/watch?v=_jPaq4va75A,Ghost Stories,Open Your Mind
https://www.youtube.com/watch?v=BAtwd3HID-8,Armin Van Buuren & Devin Wild,Wild Wild Son
https://www.youtube.com/watch?v=s3n-xX9dgH0,D-Sturb,The Ultimate
https://www.youtube.com/watch?v=ooZq9AI6Nxo,Rejecta & B-Front,Angels In The Sky
https://www.youtube.com/watch?v=XdOyjUG2W-k,Bass Modulators,Ruffneck Bass
https://www.youtube.com/watch?v=i231Zm_wo0w,Rebelion,Fake Shit
https://www.youtube.com/watch?v=xFnlITvdjYY,Headhunterz,Orange Heart
https://www.youtube.com/watch?v=oMxkURzW8Ys,KELTEK,Oblivion
https://www.youtube.com/watch?v=eMTSRFmJ49I,Phuture Noize,I Wasted All Of My Time
https://www.youtube.com/watch?v=zuyrKAEoBa4,Phuture Noize,The Beginning Of Something New
https://www.youtube.com/watch?v=Ovy7vJOvozI,D-Block & S-Te-Fan,Brace Yourself
https://www.youtube.com/watch?v=aYJStepXdbc,Atmozfears & LXCPR,Live Loud
https://www.youtube.com/watch?v=NCPAwdRvNRc,Wildstylez & Sound Rush,Untamable
https://www.youtube.com/watch?v=nThkdxyvXk0,Dee-Block & S-Te-Pack,Rise And Fly
https://www.youtube.com/watch?v=6F9szyKy8fE,Frequencerz & Phuture Noize,Starlight
https://www.youtube.com/watch?v=ai-Vwf6o758,Noisecontrollers & Sogma,The Approach
https://www.youtube.com/watch?v=IDWNngBnVLI,D-Block & S-Te-Fan & D-Sturb,Sound Of The Thunder
https://www.youtube.com/watch?v=mvmizGRYOKk,Sub Zero Project,All For One
https://www.youtube.com/watch?v=OpT5A9Qdweo,Radical Redemption, Brutal 8
https://www.youtube.com/watch?v=scdYtwEPYmA,Ghost Stories,Fallen Souls
https://www.youtube.com/watch?v=ceSfEThRiFI,B-Front & Aftershock,We Are All Stars
https://www.youtube.com/watch?v=K5tSjwdy1QM,B-Front,Symphony Of Shadows
https://www.youtube.com/watch?v=068DhiT0w4E,E-Force,Necromancer
https://www.youtube.com/watch?v=q4T1wFszA0U,MYST,Let Me Down
https://www.youtube.com/watch?v=qLB18g11fGs,Ran-D & Psyko Punkz,Not An Addict
https://www.youtube.com/watch?v=BOIQl-DOuNI,Apexx,I Go Insane
https://www.youtube.com/watch?v=_XIpCX4DhdI,Noisecontrollers,People Are Awesome
https://www.youtube.com/watch?v=3J4eVWq0cxs,Noisecontrollers & Wildstylez,200 Dreams
https://www.youtube.com/watch?v=7Pzg-dFEIPE,MYST,Wake Up
