https://www.youtube.com/watch?v=1WL3_R2wFSA,2_best_enemies-phases,
https://www.youtube.com/watch?v=dzy1xsbwv3o,2_best_enemies+technoboy-les_drums,
https://www.youtube.com/watch?v=2E6lf40xlKY,abject-in_our_memories,
https://www.youtube.com/watch?v=LhXKYdY9alA,activator-crystal,
https://www.youtube.com/watch?v=Q5cR4yxThy8,activator-winter_song,
https://www.youtube.com/watch?v=4sVt1JQ20rc,act_of_rage+d-sturb-let_the_games_begin,
https://www.youtube.com/watch?v=U4xJoUCcOJE,adaro+b-front-touch_a_star,
https://www.youtube.com/watch?v=RKpBIzf-R8g,adaro-im_alive,
https://www.youtube.com/watch?v=2aAErAiqApQ,adaro+myst-when_the_stars_connect_in_space,
https://www.youtube.com/watch?v=KRSOdmvfjiU,adaro+regain-for_the_street,
https://www.youtube.com/watch?v=Ksqu_bj1N5U,alpha_twins+sub_zero_project-betrayal,
https://www.youtube.com/watch?v=0kRNMY1MQuo,alpha_twins-the_darkside,
https://www.youtube.com/watch?v=SH7dRI6zOY8,alpha_twins+wildstylez-atrocious,
https://www.youtube.com/watch?v=CCbD9_G_jdM,alphaverb-realization_of_a_dream,
https://www.youtube.com/watch?v=ZLP-fQZoxUM,a-lusion+scope_dj-between_worlds,
https://www.youtube.com/watch?v=_l4HOTWUPMk,a-lusion-veritas,
https://www.youtube.com/watch?v=d9AKbaeecKI,andy_svge-gravity,
https://www.youtube.com/watch?v=BOIQl-DOuNI,apexx-i_go_insane,
https://www.youtube.com/watch?v=XjxTSha-Gqg,a-rize-faith_of_the_saint,
https://www.youtube.com/watch?v=BAtwd3HID-8,armin_van_buuren+devin_wild-wild_wild_son,
https://www.youtube.com/watch?v=oc6Pre0nric,armin_van_buuren+vini_vici+hilight_tribe+wildstylez-great_spirit,
https://www.youtube.com/watch?v=XfpOkHpxAEI,atmozfears+audiotricz-handz_up,
https://www.youtube.com/watch?v=XhsNrKkG1Xg,atmozfears-equilibrium,
https://www.youtube.com/watch?v=aYJStepXdbc,atmozfears+lxcpr-live_loud,
https://www.youtube.com/watch?v=B-7m0EfW7LM,atmozfears-release,
https://www.youtube.com/watch?v=qOPDHv6nb4k,audiofreq-guardians_of_time,
https://www.youtube.com/watch?v=0-zfqC6htLs,audiotricz+atmozfears-what_about_us,
https://www.youtube.com/watch?v=piaCsc5M8vc,audiotricz-shamed,
https://www.youtube.com/watch?v=9MPCl3bkazk,a-wak-system_activated,
https://www.youtube.com/watch?v=AlwISlNqyrw,bass_modulators-dragonblood,
https://www.youtube.com/watch?v=SRGtVx6j3Is,bass_modulators-imagine,
https://www.youtube.com/watch?v=HerCdRKuomk,bass_modulators-oxygen,
https://www.youtube.com/watch?v=UheCB7Bv3co,bass_modulators-radiance,
https://www.youtube.com/watch?v=XdOyjUG2W-k,bass_modulators-ruffneck_bass,
https://www.youtube.com/watch?v=WBHB8UtpaHk,bass_modulators+sub_sonik-haunted,
https://www.youtube.com/watch?v=_pN0-JI9_ws,bass_modulators-sun_goes_down,
https://www.youtube.com/watch?v=XrWUMKz9h3Q,b-front+adrenalize-elektronic_symphony,
https://www.youtube.com/watch?v=ceSfEThRiFI,b-front+aftershock-we_are_all_stars,
https://www.youtube.com/watch?v=qqr46Dmbxos,b-front+alpha_twins-lost,
https://www.youtube.com/watch?v=7jlTaCuAkxI,b-front+frontliner-magic,
https://www.youtube.com/watch?v=N5i-_ucll7s,b-front-mysterias,
https://www.youtube.com/watch?v=3WxL9Ifg_Ao,b-front+phuture_noize-my_beautiful_fantasy,
https://www.youtube.com/watch?v=ZzfV6GXNx14,b-front+phuture_noize-the_enigma,
https://www.youtube.com/watch?v=3X-9OH95tFo,b-front+phuture_noize-the_paradox,
https://www.youtube.com/watch?v=9eaL9Dkn61Y,b-front+phuture_noize-the_solution,
https://www.youtube.com/watch?v=K5tSjwdy1QM,b-front-symphony_of_shadows,
https://www.youtube.com/watch?v=g0kEO0Pc5RQ,bioweapon-move_your_body,
https://www.youtube.com/watch?v=Z_1WvR6BXhg,blademasterz-one_blade,
https://www.youtube.com/watch?v=nfL0yAnoE7c,blutonium_boy+headhunterz-make_it_loud,
https://www.youtube.com/watch?v=t2Pavrg02_E,brennan_heart-alternate_reality,
https://www.youtube.com/watch?v=T3SQZOW-iZk,brennan_heart-fit_in_or_fuck_off,
https://www.youtube.com/watch?v=H6-qC-Qdu9o,brennan_heart-illumination,
https://www.youtube.com/watch?v=h9I-9Sj4sKs,brennan_heart-imaginary,
https://www.youtube.com/watch?v=C9u25gEePy8,brennan_heart-lsd,
https://www.youtube.com/watch?v=Aiyqac39mX8,brennan_heart-revelations,
https://www.youtube.com/watch?v=1Vx0cLNI228,brennan_heart+the_prophet-wake_up,
https://www.youtube.com/watch?v=MxoVrEumLPw,brennan_heart-we_can_escape,
https://www.youtube.com/watch?v=k8qgeGON_zM,brennan_heart-we_come_and_we_go,
https://www.youtube.com/watch?v=Q0r0pu8A6Z0,brennan_heart+wildstylez-lose_my_mind,
https://www.youtube.com/watch?v=tYroAvfsFmk,brennan_heart+wildstylez+sub_zero_project-lose_my_mind,
https://www.youtube.com/watch?v=KPsTZ0PH_BU,brennan_heart+wildstylez-wknd,
https://www.youtube.com/watch?v=O_B6-V6gSFs,bulldozer_project+the_beholder+zany-arise,
https://www.youtube.com/watch?v=5jL9ueskzeo,chain_reaction+adaro-answers,
https://www.youtube.com/watch?v=0YCxvWN-GoY,chain_reaction-the_record_breaking,
https://www.youtube.com/watch?v=CENFCk8BT3o,clockartz+deetox-music,
https://www.youtube.com/watch?v=4sUkJmAwhC4,code_black+atmozfears-accelerate,
https://www.youtube.com/watch?v=vltnxO2o4ao,coone-deception,
https://www.youtube.com/watch?v=CCPBQehC00E,coone-million_miles,
https://www.youtube.com/watch?v=K2YRJdycGzk,coone-rise_of_the_celestials,
https://www.youtube.com/watch?v=2-U7vsHQqjA,coone-survival_of_the_fittest,
https://www.youtube.com/watch?v=XUjPGZRp_Xc,crypsis-break_down_low,
https://www.youtube.com/watch?v=BsuWcWWxulA,crypsis-chaser,
https://www.youtube.com/watch?v=QYHFTkd-pxk,crypsis+kold_konexion-sonic_sabotage,
https://www.youtube.com/watch?v=Fk-PfBrpL-s,crypsis+sasha_f-get_hit,
https://www.youtube.com/watch?v=EXlK5PYzzYo,crypsis-strike,
https://www.youtube.com/watch?v=3If-OgtTj-Y,crypsis-tuatara,
https://www.youtube.com/watch?v=MZcRf7cCSY8,cygnus_x+aftershock-superstring,
https://www.youtube.com/watch?v=iM1UK3SAtSM,dark-e-gods_symbols,
https://www.youtube.com/watch?v=HLA9tLnRy-I,da_tweekaz-essence_of_eternity,
https://www.youtube.com/watch?v=dZm1KBob4NI,da_tweekaz-i_want_it_all,video
https://www.youtube.com/watch?v=XlIHwO1Jed8,da_tweekaz-la_di_da,
https://www.youtube.com/watch?v=Jc69lcyqlEg,da_tweekaz+lny_tnz-live_it_up,
https://www.youtube.com/watch?v=TxQYyylT4pQ,da_tweekaz+r3hab-my_girl,
https://www.youtube.com/watch?v=jgj0qbMgxNc,da_tweekaz+refuzion-because_of_you,
https://www.youtube.com/watch?v=aFPf1v3OPm4,da_tweekaz-sunrise,
https://www.youtube.com/watch?v=1-9CFacQfoA,da_tweekaz+tony_junior+sound_rush-lambada_your_love,
https://www.youtube.com/watch?v=Qzepxh7qjfI,davide_sonar-natural,
https://www.youtube.com/watch?v=XMwgmuZ-OFY,david_guetta+benny_benassi+sub_zero_project-satisfaction,
https://www.youtube.com/watch?v=Ovy7vJOvozI,d-block+s-te-fan-brace_yourself,
https://www.youtube.com/watch?v=8AeH7U7qxuc,d-block+s-te-fan+coone-creation_of_life,
https://www.youtube.com/watch?v=2R96kFkPTx8,d-block+s-te-fan+dj_isaac-harder_state_of_mind,
https://www.youtube.com/watch?v=Xz-fTK1TMdw,d-block+s-te-fan+d-sturb-feel_it,
https://www.youtube.com/watch?v=IDWNngBnVLI,d-block+s-te-fan+d-sturb-sound_of_the_thunder,
https://www.youtube.com/watch?v=gW1L359t904,d-block+s-te-fan-feel_inside,
https://www.youtube.com/watch?v=kJ_Fiqa6w0A,d-block+s-te-fan-forthenite,
https://www.youtube.com/watch?v=QAT9GPg2ES8,d-block+s-te-fan-ghost_stories,
https://www.youtube.com/watch?v=Y9PZeHGXqbE,d-block+s-te-fan-godd_is_a_dj,
https://www.youtube.com/watch?v=igwtPJI39sc,d-block+s-te-fan+headhunterz-twilight_zone,
https://www.youtube.com/watch?v=z4bO3QVo4-g,d-block+s-te-fan-in_the_dark,
https://www.youtube.com/watch?v=Z40Z4ofhIZY,d-block+s-te-fan-music_made_addict,
https://www.youtube.com/watch?v=eCITPyHDvWg,d-block+s-te-fan-nature_of_our_mind,
https://www.youtube.com/watch?v=eGSLZtlRMoE,d-block+s-te-fan-part_of_the_hard,
https://www.youtube.com/watch?v=W6Cxp5n26hk,d-block+s-te-fan-ride_with_uz,
https://www.youtube.com/watch?v=IQane4uPBFQ,d-block+s-te-fan-rockin_your_mind,
https://www.youtube.com/watch?v=alXyzDNrivE,d-block+s-te-fan-shiverz,
https://www.youtube.com/watch?v=sQqFbgKwLko,d-block+s-te-fan-sound_of_the_thunder,
https://www.youtube.com/watch?v=bs5aLFn7GTo,d-block+s-te-fan+sub_zero_project-darkest_hour,
https://www.youtube.com/watch?v=wCXDGjL-bzc,d-block+s-te-fan-the_magical_mystery,
https://www.youtube.com/watch?v=qEGP0Weug3k,d-block+s-te-fan-the_nature_of_our_mind,
https://www.youtube.com/watch?v=Iu2l9gHctik,d-clear-midnight_skies,
https://www.youtube.com/watch?v=rqntALKJh8s,dee-block+s-te-pack-blade_me_now,
https://www.youtube.com/watch?v=nThkdxyvXk0,dee-block+s-te-pack-rise_and_fly,
https://www.youtube.com/watch?v=NtpOwthjZOE,deepack-the_prophecy,
https://www.youtube.com/watch?v=qrUSXLIn7ZE,deetox-fallen,
https://www.youtube.com/watch?v=vD6KufxFlbQ,delete-louder,
https://www.youtube.com/watch?v=RuXf3THDDGQ,delete-syndrome,
https://www.youtube.com/watch?v=CTM2eB31QqM,devin_wild-mind_bending,
https://www.youtube.com/watch?v=gUJKs1m7Y8M,devin_wild+sub_zero_project-meltdown,
https://www.youtube.com/watch?v=RTkFuUZ6-ig,dimitri_vegas+like_mike+tiesto+w_w+dido+da_tweekaz-not_so_bad,
https://www.youtube.com/watch?v=2IqnucqExtA,dj_isaac+sub_zero_project-burn,
https://www.youtube.com/watch?v=KLdUGaXTWU0,dj_phil_ty-miami_belch,
https://www.youtube.com/watch?v=oEmmd9yeFgw,dj_thera-its_a_fine_day,
https://www.youtube.com/watch?v=PJXlxyTs58A,donkey_rollers-atrocity,
https://www.youtube.com/watch?v=qsHN9XuN70k,donkey_rollers-silver_bullet,
https://www.youtube.com/watch?v=yDH8hxTC6jY,dozer-church_of_the_darkside,
https://www.youtube.com/watch?v=lGBJL8XBtT0,d-sturb-high_power,
https://www.youtube.com/watch?v=x2m2Jy8_424,d-sturb+high_voltage-universe,
https://www.youtube.com/watch?v=T2MF3y8rnh8,d-sturb-party_at_my_place,
https://www.youtube.com/watch?v=PKCku2Q9wLs,d-sturb+sound_rush-embracing_the_madness,
https://www.youtube.com/watch?v=s3n-xX9dgH0,d-sturb-the_ultimate,
https://www.youtube.com/watch?v=NDS2KzO5g_w,d-sturb-world_out_there,
https://www.youtube.com/watch?v=RqBAGV955Hs,duro-technological_terror,
https://www.youtube.com/watch?v=OD7SlWxZrUI,dutch_master-recalled_to_life,
https://www.youtube.com/watch?v=6gnsk0vOavM,ecstatic-reverie,
https://www.youtube.com/watch?v=nGLYnoFlpw0,ecstatic+sub_zero_project-tombs_of_immortality,
https://www.youtube.com/watch?v=6zeoPMQ0TMU,e-force+frequencerz-men_of_steel,
https://www.youtube.com/watch?v=068DhiT0w4E,e-force-necromancer,
https://www.youtube.com/watch?v=loyCp6_HZEA,e-force-seven,
https://www.youtube.com/watch?v=Nebhgnhk-Lg,frequencerz+bass_chaserz-renegades,
https://www.youtube.com/watch?v=GsBCgsiOEaE,frequencerz-die_hards_only,
https://www.youtube.com/watch?v=UihPLMP4NDA,frequencerz+e-force-gods,
https://www.youtube.com/watch?v=6F9szyKy8fE,frequencerz+phuture_noize-starlight,
https://www.youtube.com/watch?v=aDIlg88xyvM,frequencerz-rockstar,
https://www.youtube.com/watch?v=UCjVyXf8eEs,frequencerz+tartaros-wolfpack,
https://www.youtube.com/watch?v=mwbK4RjiwUw,frontliner-dream_dust,
https://www.youtube.com/watch?v=AtgAbU0RPFQ,frontliner-halos,
https://www.youtube.com/watch?v=Kxt_PkGzA5o,frontliner-im_the_melodyman,
https://www.youtube.com/watch?v=bMTg6PfzNU0,frontliner+max_enforcer-on_the_go,
https://www.youtube.com/watch?v=_EbkFflnnac,frontliner-on_the_rise,
https://www.youtube.com/watch?v=_IItMN8fbAU,frontliner+radical_redemption-frontliner_radical_redemption,
https://www.youtube.com/watch?v=-YItIlDOkPE,frontliner-sunblast,
https://www.youtube.com/watch?v=VbbPGetrt1k,frontliner-symbols,
https://www.youtube.com/watch?v=WoyWV42E1-c,frontliner-tba2_one_more_time,
https://www.youtube.com/watch?v=mE8CWpIVJko,frontliner-the_first_cut,
https://www.youtube.com/watch?v=VYR74L2J8tU,frontliner-warphole,
https://www.youtube.com/watch?v=s4OF6VYN7tQ,frontliner-weekend_warriors,
https://www.youtube.com/watch?v=scdYtwEPYmA,ghost_stories-fallen_souls,
https://www.youtube.com/watch?v=_jPaq4va75A,ghost_stories-open_your_mind,
https://www.youtube.com/watch?v=Y0nzdPtSVMU,gostosa-sutra,
https://www.youtube.com/watch?v=gfFOjnRLw8M,gunz_for_hire-no_mercy,
https://www.youtube.com/watch?v=u4FLhCmuAFw,hard_driver-interconnected,
https://www.youtube.com/watch?v=Z4zxWGUXi9M,headhunterz-colors,
https://www.youtube.com/watch?v=kGfc6mnjIzI,headhunterz-destiny,
https://www.youtube.com/watch?v=okF4tzQVeQs,headhunterz-digiwave,
https://www.youtube.com/watch?v=9uaGgWKwMCg,headhunterz-doomed,
https://www.youtube.com/watch?v=VaiHTvifGt0,headhunterz-dragonborn,
https://www.youtube.com/watch?v=8IYy61kMXds,headhunterz-dragonborn_part_2,
https://www.youtube.com/watch?v=6WySd0j62js,headhunterz-dragonborn_part_3,
https://www.youtube.com/watch?v=ugqJG21KphE,headhunterz+final_day-how_far_can_you_go,
https://www.youtube.com/watch?v=D8Bdvf7nyKU,headhunterz-from_within,
https://www.youtube.com/watch?v=YwYoLHSRS7w,headhunterz-home,
https://www.youtube.com/watch?v=ki_dVT9sIL8,headhunterz-last_of_the_mohicanz,
https://www.youtube.com/watch?v=ApfptgJZ0e8,headhunterz-leap_of_faith,
https://www.youtube.com/watch?v=IkqX-Ykmqoc,headhunterz-lessons_in_love,
https://www.youtube.com/watch?v=SsmMTSwnw3Q,headhunterz-live_forever,
https://www.youtube.com/watch?v=xxIFu5TuFYI,headhunterz-megasound,
https://www.youtube.com/watch?v=Ob8-v6EBqWM,headhunterz-moonlight,
https://www.youtube.com/watch?v=hzBaJGjTLvg,headhunterz-now_is_the_time,
https://www.youtube.com/watch?v=xFnlITvdjYY,headhunterz-orange_heart,
https://www.youtube.com/watch?v=uzMjWpNvykk,headhunterz-power_of_music,
https://www.youtube.com/watch?v=PVrreiYs6ZA,headhunterz-power_of_the_mind,2019+live
https://www.youtube.com/watch?v=rZk5Uz96hwg,headhunterz-power_of_the_mind,
https://www.youtube.com/watch?v=c7az2YQXvZY,headhunterz-psychedelic,
https://www.youtube.com/watch?v=ZSI-I8sYByc,headhunterz-reignite,
https://www.youtube.com/watch?v=uNeeFqIuk9w,headhunterz-save_your_scrap_for_victory,
https://www.youtube.com/watch?v=OouY9rwIRjA,headhunterz-scrap_attack,
https://www.youtube.com/watch?v=rvfmkTazzFE,headhunterz-shocker,
https://www.youtube.com/watch?v=stAGySk1gZc,headhunterz-subsonic,
https://www.youtube.com/watch?v=CvV7SHDRoOI,headhunterz+sub_zero_project-amen,
https://www.youtube.com/watch?v=rqVDx2zRSyg,headhunterz+sub_zero_project-our_church,
https://www.youtube.com/watch?v=t-601tSRnfE,headhunterz-takin_it_back,
https://www.youtube.com/watch?v=a3JulJ72z_A,headhunterz-the_flame_inside,
https://www.youtube.com/watch?v=5eYUX3_33gY,headhunterz-the_hunter,live
https://www.youtube.com/watch?v=e590yuFyMf4,headhunterz-the_hunter_the_prey,
https://www.youtube.com/watch?v=rZk5Uz96hwg,headhunterz-the_power_of_the_mind,
https://www.youtube.com/watch?v=a7uToulRNeQ,headhunterz-the_sacrifice,
https://www.youtube.com/watch?v=gCbdAVMxAu0,headhunterz-time_to_dance_again,
https://www.youtube.com/watch?v=t2ZHO6k_yfQ,headhunterz+vertile-before_i_wake,
https://www.youtube.com/watch?v=6TGp7W_HUK4,headhunterz+wildstylez+noisecontrollers-tonight,
https://www.youtube.com/watch?v=t52Q6Jq-fis,headhunterz+wildstylez+noisecontrollers-world_of_madness,
https://www.youtube.com/watch?v=x2m2Jy8_424,high_voltage+d-sturb-universe,
https://www.youtube.com/watch?v=EangpWonmDM,illenium+headhunterz-paper_thin,
https://www.youtube.com/watch?v=jf6qQ93ARQ8,jdx-live_the_moment,
https://www.youtube.com/watch?v=MIhYwMcWDBM,josh+wesz-autumn_green,
https://www.youtube.com/watch?v=e4undDyS_18,josh+wesz-like_thiz,
https://www.youtube.com/watch?v=_fyyFFAmxIg,kaskade+headhunterz-lessons_in_love,
https://www.youtube.com/watch?v=Nht0E8v2uIA,keltek-edge_of_existence,
https://www.youtube.com/watch?v=oMxkURzW8Ys,keltek-oblivion,
https://www.youtube.com/watch?v=I1Bmt3LWv18,keltek-one_tribe,
https://www.youtube.com/watch?v=Z_Z9cbk20zw,keltek+sound_rush-one_of_us,
https://www.youtube.com/watch?v=hPQ5kkqqyYw,max_enforcer-gold,
https://www.youtube.com/watch?v=H7re3qenuv8,myst-before_you_go,
https://www.youtube.com/watch?v=q4T1wFszA0U,myst-let_me_down,
https://www.youtube.com/watch?v=PSPs0rzezk0,myst-take_me_away,
https://www.youtube.com/watch?v=hvj5h8mA4oA,myst-the_unlimited_power,
https://www.youtube.com/watch?v=7Pzg-dFEIPE,myst-wake_up,
https://www.youtube.com/watch?v=bjdNQTdEf_Q,noisecontrollers-all_night_long,
https://www.youtube.com/watch?v=F2Heq7fr2AM,noisecontrollers-astral,
https://www.youtube.com/watch?v=xDRz_O2pEAU,noisecontrollers+atmozfears-the_time_has_come,
https://www.youtube.com/watch?v=uNWWV4mbv3Q,noisecontrollers-attack_again,
https://www.youtube.com/watch?v=ZiY1kkYPODM,noisecontrollers+bass_modulators-rocked_up,
https://www.youtube.com/watch?v=t4cRn5ykA2s,noisecontrollers+bass_modulators-solar,
https://www.youtube.com/watch?v=d91xBj6ESfE,noisecontrollers-break_the_show,
https://www.youtube.com/watch?v=4Tq79IhZSMI,noisecontrollers-circles,
https://www.youtube.com/watch?v=h4WANySNeTE,noisecontrollers-destroyer_of_worlds,
https://www.youtube.com/watch?v=VwS-1IuimEw,noisecontrollers-down_down,
https://www.youtube.com/watch?v=5L5EcG51F48,noisecontrollers-dying_for_a_light,
https://www.youtube.com/watch?v=KYikIPSvvh8,noisecontrollers-e_equals_nc_2,
https://www.youtube.com/watch?v=OeuiUH51Yq4,noisecontrollers-faster_n_further,
https://www.youtube.com/watch?v=cBmjroENLJQ,noisecontrollers-gimme_apollo,
https://www.youtube.com/watch?v=oHb_Izo8tTo,noisecontrollers-gimme_love,
https://www.youtube.com/watch?v=Qj7JDj1RkO0,noisecontrollers-light,
https://www.youtube.com/watch?v=_XIpCX4DhdI,noisecontrollers-people_are_awesome,
https://www.youtube.com/watch?v=T6hUsR4Fw2g,noisecontrollers-people_of_the_sun,
https://www.youtube.com/watch?v=gxH32Nmpz2E,noisecontrollers-pillars_of_astral,
https://www.youtube.com/watch?v=pfsZ8J6tDjc,noisecontrollers-pillars_of_creation,
https://www.youtube.com/watch?v=8ykGxjRX28w,noisecontrollers-samara,
https://www.youtube.com/watch?v=HTSTK0vpRP4,noisecontrollers-scared,
https://www.youtube.com/watch?v=ai-Vwf6o758,noisecontrollers+sogma-the_approach,
https://www.youtube.com/watch?v=NxwsS4ZqQT8,noisecontrollers-so_high,
https://www.youtube.com/watch?v=-VoPJ7zIZ7U,noisecontrollers-spirit_of_hardstyle,
https://www.youtube.com/watch?v=olBwIm-SF1g,noisecontrollers-the_source_code_of_creation,
https://www.youtube.com/watch?v=qkO8MWaoTc8,noisecontrollers+toneshifterz-jaydee,
https://www.youtube.com/watch?v=C0uGrJqT1Wo,noisecontrollers-unite,
https://www.youtube.com/watch?v=3J4eVWq0cxs,noisecontrollers+wildstylez-200_dreams,
https://www.youtube.com/watch?v=XiHFyuVOwEM,n-trance+da_tweekaz-set_you_free,live
https://www.youtube.com/watch?v=oH17NZQVjcs,omegatypez+the_vision-calling,
https://www.youtube.com/watch?v=YZZ3t86Ca6I,pavelow-caroussel,
https://www.youtube.com/watch?v=64HudbVt1PQ,phuture_noize-365,
https://www.youtube.com/watch?v=QGGzErIexXo,phuture_noize-a_fantastic_vibration,
https://www.youtube.com/watch?v=Mk-9OfqbtzA,phuture_noize-a_new_day,
https://www.youtube.com/watch?v=w1PBOyAhSxA,phuture_noize-anthem_of_freedom,
https://www.youtube.com/watch?v=SArCGbFHZFo,phuture_noize+aversion-revolution,
https://www.youtube.com/watch?v=BX1Xxq8udKQ,phuture_noize+b-front-violent_storm,
https://www.youtube.com/watch?v=PhUqWjCZbSU,phuture_noize-black_mirror_society,
https://www.youtube.com/watch?v=LUDAbgnry9o,phuture_noize-blame_game,
https://www.youtube.com/watch?v=DKRIUc4-qJQ,phuture_noize-burst_of_light,
https://www.youtube.com/watch?v=S4MpYK8SfIg,phuture_noize-chaos_order,
https://www.youtube.com/watch?v=IxL5YoC-gQk,phuture_noize-circles_squares,
https://www.youtube.com/watch?v=l35f7cV_saQ,phuture_noize+devin_wild-waves,
https://www.youtube.com/watch?v=V0XOvCovt4U,phuture_noize-drift_away,
https://www.youtube.com/watch?v=zelWdDJjavE,phuture_noize-edge_of_glory,
https://www.youtube.com/watch?v=QPbm-yjTRBg,phuture_noize-electronic_heartbreak,
https://www.youtube.com/watch?v=NCQC7cXs97c,phuture_noize-everlasting_road,
https://www.youtube.com/watch?v=_F27YqYSY4U,phuture_noize-existence_through_sound,
https://www.youtube.com/watch?v=GJaGMb3sR_M,phuture_noize-eye_of_the_storm,
https://www.youtube.com/watch?v=2tQwTS1Mvuk,phuture_noize-fire,
https://www.youtube.com/watch?v=l0rcTAB1Fe4,phuture_noize-from_star_to_stardust,
https://www.youtube.com/watch?v=0XQB9fGX7vk,phuture_noize-hope,
https://www.youtube.com/watch?v=Tty6gBJ8jk4,phuture_noize-human_machinery,
https://www.youtube.com/watch?v=qfefLsx-7WI,phuture_noize-hyperspace,
https://www.youtube.com/watch?v=WQQs53waYQs,phuture_noize-i_am_a_fighter,
https://www.youtube.com/watch?v=B08EX5dHJ8k,phuture_noize-i_got_noize,
https://www.youtube.com/watch?v=_HLrUnYpIkw,phuture_noize-i_raise_my_glass,
https://www.youtube.com/watch?v=eMTSRFmJ49I,phuture_noize-i_wasted_all_of_my_time,
https://www.youtube.com/watch?v=7wh944ElI9s,phuture_noize+josh+wesz-liberal,
https://www.youtube.com/watch?v=E1zoLtrsDm0,phuture_noize-keep_loving_me_tonight,
https://www.youtube.com/watch?v=VuxDAkEZbZM,phuture_noize-king_of_the_jungle,
https://www.youtube.com/watch?v=_Iv6RSSqOzQ,phuture_noize-landmines,
https://www.youtube.com/watch?v=xCUsNtGfIgE,phuture_noize-lost_in_the_moment,
https://www.youtube.com/watch?v=pQQiRyKjKVk,phuture_noize-maniac,
https://www.youtube.com/watch?v=P8SL3h2n97g,phuture_noize-masquerade,
https://www.youtube.com/watch?v=OyMZGmfnVv4,phuture_noize-memories,
https://www.youtube.com/watch?v=Dtpcn14B6Pg,phuture_noize-one_last_midnight,
https://www.youtube.com/watch?v=TFdt7n5FWUk,phuture_noize-one_tribe,
https://www.youtube.com/watch?v=yAavfykj-94,phuture_noize-pretty_poison,
https://www.youtube.com/watch?v=fBtRsM7lRmw,phuture_noize-problem_child,
https://www.youtube.com/watch?v=g649keRoZD0,phuture_noize-robots_to_the_system,
https://www.youtube.com/watch?v=3yVRQ220NjA,phuture_noize-run_for_cover,
https://www.youtube.com/watch?v=3kRAGEwhqHc,phuture_noize-shallow_waters,
https://www.youtube.com/watch?v=gQlVEp5zfd8,phuture_noize-sharks,
https://www.youtube.com/watch?v=fjtWhkbBJkM,phuture_noize-silver_bullet,
https://www.youtube.com/watch?v=hQGzC1CTLdo,phuture_noize-stars_are_tumbling_out_of_the_sky,
https://www.youtube.com/watch?v=IaemNC4lJrk,phuture_noize-statues,
https://www.youtube.com/watch?v=VviAEHMyaRY,phuture_noize-strike_you_down,
https://www.youtube.com/watch?v=HgGtjZqcVto,phuture_noize-terrordome,
https://www.youtube.com/watch?v=Prk244f-RHA,phuture_noize-the_aftershock,
https://www.youtube.com/watch?v=zuyrKAEoBa4,phuture_noize-the_beginning_of_something_new,
https://www.youtube.com/watch?v=iiraVraS1iA,phuture_noize-theres_a_lot_going_on,
https://www.youtube.com/watch?v=z9CdSxjeWro,phuture_noize-the_temple,
https://www.youtube.com/watch?v=PPNNUbN_tZs,phuture_noize-the_worlds_beyond,
https://www.youtube.com/watch?v=_k9yn9abILQ,phuture_noize-thru_the_smoke,
https://www.youtube.com/watch?v=O4JQWZgMkBs,phuture_noize-walls_crashin_down,
https://www.youtube.com/watch?v=Mu8TanEb42I,phuture_noize-world_of_distortion,
https://www.youtube.com/watch?v=drMJ9l8g3IA,prefix+destiny-just_a_memory,
https://www.youtube.com/watch?v=kdkqn5FKMPs,project_one+headhunterz-rate_reducer,
https://www.youtube.com/watch?v=yLc6C2yPMnU,project_one-love_is_not_enough,live
https://www.youtube.com/watch?v=dtnMKbt_QHA,project_one-luminosity,
https://www.youtube.com/watch?v=-SA0Gb4DBPY,project_one-move_with_the_one,
https://www.youtube.com/watch?v=UPkrBh6zTBI,project_one-move_your_body,live
https://www.youtube.com/watch?v=RrmAcE0sg-M,project_one+phuture_noize-the_zero_hour,
https://www.youtube.com/watch?v=fGwqeONP_u4,project_one-rise_and_fall,
https://www.youtube.com/watch?v=DRwH4yeBgP8,project_one-the_art_of_creation,
https://www.youtube.com/watch?v=hqi4e7dcXwI,project_one-transforming,live
https://www.youtube.com/watch?v=8LlajWOE2MY,psyko_punkz-bassboom,
https://www.youtube.com/watch?v=nZdhUSHv-1Y,psyko_punkz+bass_modulators-after_mf,
https://www.youtube.com/watch?v=JdNV0kuneSc,psyko_punkz-fate_or_fortune,
https://www.youtube.com/watch?v=JbaRCA_Y9vg,psyko_punkz-spaceship,
https://www.youtube.com/watch?v=D2e64eGDsgw,psyko_punkz-victorious,
https://www.youtube.com/watch?v=OpT5A9Qdweo,radical_redemption-brutal_8,
https://www.youtube.com/watch?v=ASfr4gqphI4,ran-d-dimensions,
https://www.youtube.com/watch?v=-kiy1pH8PLk,ran-d+endymion-run_from_reality,
https://www.youtube.com/watch?v=65ARYmqvTBI,ran-d-hurricane,
https://www.youtube.com/watch?v=TWYcSBHfPTQ,ran-d-living_for_the_moment,
https://www.youtube.com/watch?v=F3nGALpB23Q,ran-d-no_guts_no_glory,
https://www.youtube.com/watch?v=IEaA4pU6X1Y,ran-d+phuture_noize-suicidal_superstar,
https://www.youtube.com/watch?v=qLB18g11fGs,ran-d+psyko_punkz-not_an_addict,
https://www.youtube.com/watch?v=uTTO6D7ng3s,ran-d-the_hunt,
https://www.youtube.com/watch?v=8ga_tSyiRvQ,ran-d-zombie,
https://www.youtube.com/watch?v=jtvpXDZkWZM,rebelion-bassline_junkie,
https://www.youtube.com/watch?v=i231Zm_wo0w,rebelion-fake_shit,
https://www.youtube.com/watch?v=L5l7_ldYHtY,rebelion-the_edge,
https://www.youtube.com/watch?v=PjwVDUL6euQ,refuzion-wake_of_the_warrior,
https://www.youtube.com/watch?v=ooZq9AI6Nxo,rejecta+b-front-angels_in_the_sky,
https://www.youtube.com/watch?v=QU2KuyP6H-E,scooter+noisecontrollers-move_your_ass,
https://www.youtube.com/watch?v=DWuAANXukbg,scope_dj-lockdown,
https://www.youtube.com/watch?v=TFt_OvdJUIM,sefa-one_tribe,
https://www.youtube.com/watch?v=h_fVIwST20o,showtek-black_2008,
https://www.youtube.com/watch?v=XsG_zDV83mo,showtek+noisecontrollers-get_loose,
https://www.youtube.com/watch?v=KLkxEMD-tyo,showtek-we_speak_music,
https://www.youtube.com/watch?v=m9EgjZ0HF3A,smd-just_like_you,
https://www.youtube.com/watch?v=3OoG5ua-GoY,sound_rush+headhunterz-take_it_all,
https://www.youtube.com/watch?v=VLVtESFvvNc,sound_rush-synergy,
https://www.youtube.com/watch?v=6BaysTL48SQ,southstylers-pounding_senses,
https://www.youtube.com/watch?v=JWazFQkbzuM,star_driver-5_centimeters_per_second,
https://www.youtube.com/watch?v=mvmizGRYOKk,sub_zero_project-all_for_one,
https://www.youtube.com/watch?v=wrm-ncwJ8Cc,sub_zero_project-basstrain,
https://www.youtube.com/watch?v=Cp7-LoQXhEU,sub_zero_project-be_my_guide,
https://www.youtube.com/watch?v=Hu0cRyUwMfI,sub_zero_project-contagion,
https://www.youtube.com/watch?v=6PVOL3acAp4,sub_zero_project+d-sturb-heroes_of_the_night,
https://www.youtube.com/watch?v=hlr0dKBU-Gs,sub_zero_project-halo,
https://www.youtube.com/watch?v=GEQePJZ0SkE,sub_zero_project+hard_driver-liberation,
https://www.youtube.com/watch?v=D1Gb3aps8fw,sub_zero_project-laser,
https://www.youtube.com/watch?v=lzvz7Fi3PJo,sub_zero_project-march_of_the_rebels,
https://www.youtube.com/watch?v=mrrE0-bMhO8,sub_zero_project-path_of_the_warrior,
https://www.youtube.com/watch?v=vAqroKLZ3_U,sub_zero_project+phuture_noize-we_are_the_fallen,
https://www.youtube.com/watch?v=P7DIg4t0GOA,sub_zero_project-playing_with_fire,
https://www.youtube.com/watch?v=NH_pEkCEcB8,sub_zero_project-refuse_to_speak,
https://www.youtube.com/watch?v=GCdrZqzlsoM,sub_zero_project+showtek-legends,
https://www.youtube.com/watch?v=AHCMcW8WghY,sub_zero_project-stand_strong,
https://www.youtube.com/watch?v=_QJEWvXMgBA,sub_zero_project-sweet_but_psycho,
https://www.youtube.com/watch?v=qrFT-Ou7Ojk,sub_zero_project-technobots,
https://www.youtube.com/watch?v=JzBUGARFC4k,sub_zero_project-the_game_changer,
https://www.youtube.com/watch?v=JUGOvsXPIOA,sub_zero_project-the_project,
https://www.youtube.com/watch?v=xYYFtYeiuCY,sub_zero_project-the_silence,
https://www.youtube.com/watch?v=odTty6lOepo,sub_zero_project-the_xprmnt,
https://www.youtube.com/watch?v=TnwwE33mDSo,tatanka-tokyo,
https://www.youtube.com/watch?v=qEGP0Weug3k,technoboy-next_dimensional_world,
https://www.youtube.com/watch?v=xNB453D5Ukg,technoboy-rage,
https://www.youtube.com/watch?v=27CARGooNJg,technoboy-ti_sento,
https://www.youtube.com/watch?v=8Bw_R7nkHEY,the_elite-power_of_perception,
https://www.youtube.com/watch?v=riLf33po09Q,the_hose-the_pressure,
https://www.youtube.com/watch?v=BsF_5eCsHC0,the_nasty_boyz-angel,
https://www.youtube.com/watch?v=pIcQ0nw4_PY,the_pitcher-karma,
https://www.youtube.com/watch?v=mv25uBmiQ_A,the_pitcher-music_to_keep_me_alive,
https://www.youtube.com/watch?v=pDg0xvnuHlc,the_pitcher+slim_shore-this_is_who_we_are,
https://www.youtube.com/watch?v=4Xqsw6bi6-Q,the_prophet-follow_the_leader,
https://www.youtube.com/watch?v=a7tNRq8ac3c,the_prophet-one_moment,
https://www.youtube.com/watch?v=qi6mepXsiQg,the_purge+adjuzt-summer_secrets,
https://www.youtube.com/watch?v=aXhx0CHUukQ,the_r3belz-pattern_2,
https://www.youtube.com/watch?v=8AhzovEXTpY,timmy_trumpet+bass_modulators-diamonds,
https://www.youtube.com/watch?v=CiX0y_cuke8,tnt-gung,
https://www.youtube.com/watch?v=gHeytl_dSOQ,tnt+ruffneck-mindcontroller_2k20,
https://www.youtube.com/watch?v=Ee1UwToDcgU,tuneboy-xy,
https://www.youtube.com/watch?v=z5U_uPBR-qU,vazard-epilogue,
https://www.youtube.com/watch?v=IHNZEL6J3_4,vazard-zimmersion,
https://www.youtube.com/watch?v=KavcxgiJfHY,vengaboys+da_tweekaz-we_like_to_party,live
https://www.youtube.com/watch?v=jrpNjgj0uyo,wasted_penguinz-anxiety,
https://www.youtube.com/watch?v=f4-Dc7xDUP4,wasted_penguinz-melancholia,
https://www.youtube.com/watch?v=THyGNbFSWzY,wildstlyez+e-life-games_of_destiny,
https://www.youtube.com/watch?v=X_cBR05gPgQ,wildstylez-a_complex_situation,
https://www.youtube.com/watch?v=V9u_kh8blqU,wildstylez+aftershock-never_bring_us_down,
https://www.youtube.com/watch?v=1kERLyFevxg,wildstylez+atmozfears-hollow,
https://www.youtube.com/watch?v=ns2o29nNr4I,wildstylez+brennan_heart-lies_or_truth,
https://www.youtube.com/watch?v=5Fsopu0wW2s,wildstylez-children_of_drums,
https://www.youtube.com/watch?v=CitsZOEJ3aU,wildstylez-deeper_than_the_ocean,
https://www.youtube.com/watch?v=ftRTkqq8XKU,wildstylez+e-life-run_with_the_wolves,
https://www.youtube.com/watch?v=xuNkSxBebRY,wildstylez+headhunterz-children_of_drums,
https://www.youtube.com/watch?v=f75ACvWi80s,wildstylez+noisecontrollers-cats_jets_and_breaks,
https://www.youtube.com/watch?v=tIonBsMBP0M,wildstylez-no_time_to_waste,
https://www.youtube.com/watch?v=KX1wox6OGb0,wildstylez-pleasure,
https://www.youtube.com/watch?v=RLxAvZNsJQI,wildstylez-push_that_feeling,
https://www.youtube.com/watch?v=Re0iG6PJybU,wildstylez+showtek-favorite_song,
https://www.youtube.com/watch?v=v06-naI2Zcc,wildstylez+sound_rush-defiance,
https://www.youtube.com/watch?v=NCPAwdRvNRc,wildstylez+sound_rush-untamable,
https://www.youtube.com/watch?v=xRbk9eenpPg,wildstylez-stereo_love,
https://www.youtube.com/watch?v=LfhiHn0u-tk,wildstylez-temple_of_light,
https://www.youtube.com/watch?v=r2-P8RnyADc,wildstylez-timeless,
https://www.youtube.com/watch?v=g1zZ-8MXcH0,w_w+armin_van_buuren+bass_modulators-ready_to_rave,
https://www.youtube.com/watch?v=KfHqcRWa8kc,w_w+da_tweekaz-kriss_kross,
https://www.youtube.com/watch?v=ek1l-jqiuyw,yellow_claw+headhunterz-dj_turn_it_up,
https://www.youtube.com/watch?v=2G64cIj55Tk,yellow_claw+juyen_sebulba+headhunterz-do_you_like_bass,
https://www.youtube.com/watch?v=xDdpvG9c_Nk,zany-science_religion,
https://www.youtube.com/watch?v=4i8CpyRKTF8,zatox-no_way_back,
