https://www.youtube.com/watch?v=gUJKs1m7Y8M,Devin Wild & Sub Zero Project,Meltdown
https://www.youtube.com/watch?v=Ksqu_bj1N5U,Alpha Twins & Sub Zero Project,Betrayal
https://www.youtube.com/watch?v=odTty6lOepo,Sub Zero Project,The XPRMNT
https://www.youtube.com/watch?v=AHCMcW8WghY,Sub Zero Project,Stand Strong
https://www.youtube.com/watch?v=2IqnucqExtA,DJ Isaac & Sub Zero Project,Burn
https://www.youtube.com/watch?v=nGLYnoFlpw0,Ecstatic & Sub Zero Project,Tombs Of Immortality
https://www.youtube.com/watch?v=bMTg6PfzNU0,Frontliner & Max Enforcer,On The Go
https://www.youtube.com/watch?v=H7re3qenuv8,MYST,Before You Go
https://www.youtube.com/watch?v=wrm-ncwJ8Cc,Sub Zero Project,Basstrain
https://www.youtube.com/watch?v=JUGOvsXPIOA,Sub Zero Project,The Project
https://www.youtube.com/watch?v=P7DIg4t0GOA,Sub Zero Project,Playing With Fire
https://www.youtube.com/watch?v=VYR74L2J8tU,Frontliner,Warphole
https://www.youtube.com/watch?v=lGBJL8XBtT0,D-Sturb,High Power
https://www.youtube.com/watch?v=lzvz7Fi3PJo,Sub Zero Project,March Of The Rebels
