https://www.youtube.com/watch?v=NDS2KzO5g_w,D-Sturb,World Out There
https://www.youtube.com/watch?v=PKCku2Q9wLs,D-Sturb & Sound Rush,Embracing The Madness
https://www.youtube.com/watch?v=xYYFtYeiuCY,Sub Zero Project,The Silence
https://www.youtube.com/watch?v=T2MF3y8rnh8,D-Sturb,Party At My Place
https://www.youtube.com/watch?v=gW1L359t904,D-Block & S-Te-Fan,Feel Inside
https://www.youtube.com/watch?v=x2m2Jy8_424,High Voltage & D-Sturb,Universe
https://www.youtube.com/watch?v=Xz-fTK1TMdw,D-Block & S-Te-Fan & D-Sturb,Feel It
https://www.youtube.com/watch?v=4sVt1JQ20rc,Act Of Rage & D-Sturb,Let The Games Begin
https://www.youtube.com/watch?v=jtvpXDZkWZM,Rebelion,Bassline Junkie
https://www.youtube.com/watch?v=vD6KufxFlbQ,Delete,Louder
https://www.youtube.com/watch?v=aXhx0CHUukQ,The R3belz,Pattern 2
