https://www.youtube.com/watch?v=gCbdAVMxAu0,Headhunterz,Time To Dance Again
https://www.youtube.com/watch?v=YwYoLHSRS7w,Headhunterz,Home
https://www.youtube.com/watch?v=xuNkSxBebRY,Wildstylez & Headhunterz,Children Of Drums
https://www.youtube.com/watch?v=ek1l-jqiuyw,Yellow Claw & Headhunterz,DJ Turn It Up
https://www.youtube.com/watch?v=fGwqeONP_u4,Project One,Rise And Fall
https://www.youtube.com/watch?v=3OoG5ua-GoY,Sound Rush & Headhunterz,Take It All
https://www.youtube.com/watch?v=OouY9rwIRjA,Headhunterz,Scrap Attack
https://www.youtube.com/watch?v=Y9PZeHGXqbE,D-Block & S-Te-Fan,Godd Is A DJ
https://www.youtube.com/watch?v=a3JulJ72z_A,Headhunterz,The Flame Inside
https://www.youtube.com/watch?v=igwtPJI39sc,D-Block & S-Te-Fan & Headhunterz,Twilight Zone
https://www.youtube.com/watch?v=EangpWonmDM,Illenium & Headhunterz,Paper Thin
https://www.youtube.com/watch?v=kGfc6mnjIzI,Headhunterz,Destiny
https://www.youtube.com/watch?v=t2ZHO6k_yfQ,Headhunterz & Vertile,Before I Wake
