https://www.youtube.com/watch?v=rvfmkTazzFE,Headhunterz,Shocker
https://www.youtube.com/watch?v=VaiHTvifGt0,Headhunterz,Dragonborn
https://www.youtube.com/watch?v=c7az2YQXvZY,Headhunterz,Psychedelic
https://www.youtube.com/watch?v=ZSI-I8sYByc,Headhunterz,Reignite
https://www.youtube.com/watch?v=xxIFu5TuFYI,Headhunterz,Megasound
https://www.youtube.com/watch?v=okF4tzQVeQs,Headhunterz,Digiwave
https://www.youtube.com/watch?v=stAGySk1gZc,Headhunterz,Subsonic
https://www.youtube.com/watch?v=ki_dVT9sIL8,Headhunterz,Last Of The Mohicanz
https://www.youtube.com/watch?v=Z4zxWGUXi9M,Headhunterz,Colors
https://www.youtube.com/watch?v=OouY9rwIRjA,Headhunterz,Scrap Attack
https://www.youtube.com/watch?v=IkqX-Ykmqoc,Headhunterz,Lessons In Love
https://www.youtube.com/watch?v=sQqFbgKwLko,D-Block & S-Te-Fan,Sound Of The Thunder
https://www.youtube.com/watch?v=YuWhP1CEzCo,Headhunterz,From Within
https://www.youtube.com/watch?v=hzBaJGjTLvg,Headhunterz,Now Is The Time
https://www.youtube.com/watch?v=rZk5Uz96hwg,Headhunterz,Power Of The Mind
