https://www.youtube.com/watch?v=NCQC7cXs97c,Phuture Noize,Everlasting Road
https://www.youtube.com/watch?v=SArCGbFHZFo,Phuture Noize & Aversion,Revolution
https://www.youtube.com/watch?v=l35f7cV_saQ,Phuture Noize & Devin Wild,Waves
https://www.youtube.com/watch?v=_k9yn9abILQ,Phuture Noize,Thru The Smoke
https://www.youtube.com/watch?v=DKRIUc4-qJQ,Phuture Noize,Burst Of Light
https://www.youtube.com/watch?v=hQGzC1CTLdo,Phuture Noize,Stars Are Tumbling Out Of The Sky
https://www.youtube.com/watch?v=3yVRQ220NjA,Phuture Noize,Run For Cover
https://www.youtube.com/watch?v=Dtpcn14B6Pg,Phuture Noize,One Last Midnight
https://www.youtube.com/watch?v=fBtRsM7lRmw,Phuture Noize,Problem Child
https://www.youtube.com/watch?v=l0rcTAB1Fe4,Phuture Noize,From Star To Stardust
https://www.youtube.com/watch?v=_HLrUnYpIkw,Phuture Noize,I Raise My Glass
https://www.youtube.com/watch?v=GJaGMb3sR_M,Phuture Noize,Eye Of The Storm
https://www.youtube.com/watch?v=IaemNC4lJrk,Phuture Noize,Statues
https://www.youtube.com/watch?v=_Iv6RSSqOzQ,Phuture Noize,Landmines
https://www.youtube.com/watch?v=OyMZGmfnVv4,Phuture Noize,Memories
https://www.youtube.com/watch?v=yAavfykj-94,Phuture Noize,Pretty Poison
https://www.youtube.com/watch?v=LUDAbgnry9o,Phuture Noize,Blame Game
https://www.youtube.com/watch?v=E1zoLtrsDm0,Phuture Noize,Keep Loving Me Tonight
https://www.youtube.com/watch?v=QPbm-yjTRBg,Phuture Noize,Electronic Heartbreak
https://www.youtube.com/watch?v=BX1Xxq8udKQ,Phuture Noize & B-Front,Violent Storm
https://www.youtube.com/watch?v=pQQiRyKjKVk,Phuture Noize,Maniac
https://www.youtube.com/watch?v=P8SL3h2n97g,Phuture Noize,Masquerade
https://www.youtube.com/watch?v=64HudbVt1PQ,Phuture Noize,365
https://www.youtube.com/watch?v=gQlVEp5zfd8,Phuture Noize,Sharks
