https://www.youtube.com/watch?v=VLVtESFvvNc,Sound Rush,Synergy
https://www.youtube.com/watch?v=PjwVDUL6euQ,Refuzion,Wake Of The Warrior
https://www.youtube.com/watch?v=8Bw_R7nkHEY,The Elite,Power Of Perception
https://www.youtube.com/watch?v=h1JkIBbGz1c,KELTEK,Edge Of Existence
https://www.youtube.com/watch?v=HLA9tLnRy-I,Da Tweekaz,Essence Of Eternity
https://www.youtube.com/watch?v=u4FLhCmuAFw,Hard Driver,Interconnected
https://www.youtube.com/watch?v=vltnxO2o4ao,Coone,Deception
https://www.youtube.com/watch?v=H6-qC-Qdu9o,Brennan Heart,Illumination
https://www.youtube.com/watch?v=qOPDHv6nb4k,Audiofreq,Guardians Of Time
https://www.youtube.com/watch?v=ASfr4gqphI4,Ran-D,Dimensions
https://www.youtube.com/watch?v=Aiyqac39mX8,Brennan Heart,Revelations
https://www.youtube.com/watch?v=8AeH7U7qxuc,D-Block & S-Te-Fan & Coone,Creation Of Life
https://www.youtube.com/watch?v=iM1UK3SAtSM,Dark-E,Gods & Symbols
